"Arica","Arica"
"Camarones","Camarones"
"General Lagos","General Lagos"
"Putre","Putre"
"Alto Hospicio","Alto Hospicio"
"Camiña","Camiña"
"Colchane","Colchane"
"Huara","Huara"
"Iquique","Iquique"
"Pica","Pica"
"Pozo Almonte","Pozo Almonte"
"Antofagasta","Antofagasta"
"Calama","Calama"
"María Elena","María Elena"
"Mejillones","Mejillones"
"Ollagüe","Ollagüe"
"San Pedro de Atacama","San Pedro de Atacama"
"Sierra Gorda","Sierra Gorda"
"Taltal","Taltal"
"Tocopilla","Tocopilla"
"Alto del Carmen","Alto del Carmen"
"Caldera","Caldera"
"Chañaral","Chañaral"
"Copiapó","Copiapó"
"Diego de Almagro","Diego de Almagro"
"Freirina","Freirina"
"Huasco","Huasco"
"Tierra Amarilla","Tierra Amarilla"
"Vallenar","Vallenar"
"Andacollo","Andacollo"
"Canela","Canela"
"Combarbalá","Combarbalá"
"Coquimbo","Coquimbo"
"Illapel","Illapel"
"La Higuera","La Higuera"
"La Serena","La Serena"
"Los Vilos","Los Vilos"
"Monte Patria","Monte Patria"
"Ovalle","Ovalle"
"Paiguano","Paiguano"
"Punitaqui","Punitaqui"
"Río Hurtado","Río Hurtado"
"Salamanca","Salamanca"
"Vicuña","Vicuña"
"Algarrobo","Algarrobo"
"Cabildo","Cabildo"
"Calera","Calera"
"Calle Larga","Calle Larga"
"Cartagena","Cartagena"
"Casablanca","Casablanca"
"Catemu","Catemu"
"Concón","Concón","Concon","Con con","Con cón"
"El Quisco","El Quisco"
"El Tabo","El Tabo"
"Hijuelas","Hijuelas"
"Isla de Pascua","Isla de Pascua"
"Juan Fernández","Juan Fernández"
"La Cruz","La Cruz"
"La Ligua","La Ligua"
"Limache","Limache"
"Llaillay","Llaillay"
"Los Andes","Los Andes"
"Nogales","Nogales"
"Olmué","Olmué"
"Panquehue","Panquehue"
"Papudo","Papudo"
"Petorca","Petorca"
"Puchuncaví","Puchuncaví"
"Putaendo","Putaendo"
"Quillota","Quillota"
"Quilpué","Quilpué"
"Quintero","Quintero"
"Rinconada","Rinconada"
"San Antonio","San Antonio"
"San Esteban","San Esteban"
"San Felipe","San Felipe"
"Santa María","Santa María"
"Santo Domingo","Santo Domingo"
"Valparaíso","Valparaíso"
"Villa Alemana","Villa Alemana"
"Viña del Mar","Viña del Mar"
"Zapallar","Zapallar"
"Alhué","Alhué"
"Buin","Buin"
"Calera de Tango","Calera de Tango"
"Cerrillos","Cerrillos"
"Cerro Navia","Cerro Navia"
"Colina","Colina"
"Conchalí","Conchalí"
"Curacaví","Curacaví"
"El Bosque","El Bosque"
"El Monte","El Monte"
"Estación Central","Estación Central"
"Huechuraba","Huechuraba"
"Independencia","Independencia"
"Isla de Maipo","Isla de Maipo"
"La Cisterna","La Cisterna"
"La Florida","La Florida"
"La Granja","La Granja"
"La Pintana","La Pintana"
"La Reina","La Reina"
"Lampa","Lampa"
"Las Condes","Las Condes"
"Lo Barnechea","Lo Barnechea","La Dehesa","Lo Barne","Dehesa","Barnechea"
"Lo Espejo","Lo Espejo"
"Lo Prado","Lo Prado"
"Macul","Macul"
"Maipú","Maipú"
"María Pinto","María Pinto"
"Melipilla","Melipilla"
"Ñuñoa","Ñuñoa"
"Padre Hurtado","Padre Hurtado"
"Paine","Paine"
"Pedro Aguirre Cerda","Pedro Aguirre Cerda"
"Peñaflor","Peñaflor"
"Peñalolén","Peñalolén"
"Pirque","Pirque"
"Providencia","Providencia"
"Pudahuel","Pudahuel"
"Puente Alto","Puente Alto"
"Quilicura","Quilicura"
"Quinta Normal","Quinta Normal"
"Recoleta","Recoleta"
"Renca","Renca"
"San Bernardo","San Bernardo"
"San Joaquín","San Joaquín"
"San José de Maipo","San José de Maipo"
"San Miguel","San Miguel"
"San Pedro","San Pedro"
"San Ramón","San Ramón"
"Santiago","Santiago","Santiago Centro"
"Talagante","Talagante"
"Tiltil","Tiltil"
"Vitacura","Vitacura"
"Chépica","Chépica"
"Chimbarongo","Chimbarongo"
"Codegua","Codegua"
"Coinco","Coinco"
"Coltauco","Coltauco"
"Doñihue","Doñihue"
"Graneros","Graneros"
"La Estrella","La Estrella"
"Las Cabras","Las Cabras"
"Litueche","Litueche"
"Lolol","Lolol"
"Machalí","Machalí"
"Malloa","Malloa"
"Marchihue","Marchihue"
"Mostazal","Mostazal"
"Nancagua","Nancagua"
"Navidad","Navidad"
"Olivar","Olivar"
"Palmilla","Palmilla"
"Paredones","Paredones"
"Peralillo","Peralillo"
"Peumo","Peumo"
"Pichidegua","Pichidegua"
"Pichilemu","Pichilemu"
"Placilla","Placilla"
"Pumanque","Pumanque"
"Quinta de Tilcoco","Quinta de Tilcoco"
"Rancagua","Rancagua"
"Rengo","Rengo"
"Requínoa","Requínoa"
"San Fernando","San Fernando"
"San Vicente","San Vicente"
"Santa Cruz","Santa Cruz"
"Cauquenes","Cauquenes"
"Chanco","Chanco"
"Colbún","Colbún"
"Constitución","Constitución"
"Curepto","Curepto"
"Curicó","Curicó"
"Empedrado","Empedrado"
"Hualañé","Hualañé"
"Licantén","Licantén"
"Linares","Linares"
"Longaví","Longaví"
"Maule","Maule"
"Molina","Molina"
"Parral","Parral"
"Pelarco","Pelarco"
"Pelluhue","Pelluhue"
"Pencahue","Pencahue"
"Rauco","Rauco"
"Retiro","Retiro"
"Río Claro","Río Claro"
"Romeral","Romeral"
"Sagrada Familia","Sagrada Familia"
"San Clemente","San Clemente"
"San Javier","San Javier"
"San Rafael","San Rafael"
"Talca","Talca"
"Teno","Teno"
"Vichuquén","Vichuquén"
"Villa Alegre","Villa Alegre"
"Yerbas Buenas","Yerbas Buenas"
"Bulnes","Bulnes"
"Chillán","Chillán"
"Chillán Viejo","Chillán Viejo"
"Cobquecura","Cobquecura"
"Coelemu","Coelemu"
"Coihueco","Coihueco"
"El Carmen","El Carmen"
"Ninhue","Ninhue"
"Ñiquén","Ñiquén"
"Pemuco","Pemuco"
"Pinto","Pinto"
"Portezuelo","Portezuelo"
"Quillón","Quillón"
"Quirihue","Quirihue"
"Ránquil","Ránquil"
"San Carlos","San Carlos"
"San Fabián","San Fabián"
"San Ignacio","San Ignacio"
"San Nicolás","San Nicolás"
"Treguaco","Treguaco"
"Yungay","Yungay"
"Alto Biobío","Alto Biobío"
"Antuco","Antuco"
"Arauco","Arauco"
"Cabrero","Cabrero"
"Cañete","Cañete"
"Chiguayante","Chiguayante"
"Concepción","Concepción"
"Contulmo","Contulmo"
"Coronel","Coronel"
"Curanilahue","Curanilahue"
"Florida","Florida"
"Hualpén","Hualpén"
"Hualqui","Hualqui"
"Laja","Laja"
"Lebu","Lebu"
"Los Álamos","Los Álamos"
"Los Ángeles","Los Ángeles"
"Lota","Lota"
"Mulchén","Mulchén"
"Nacimiento","Nacimiento"
"Negrete","Negrete"
"Penco","Penco"
"Quilaco","Quilaco"
"Quilleco","Quilleco"
"San Pedro de la Paz","San Pedro de la Paz"
"San Rosendo","San Rosendo"
"Santa Bárbara","Santa Bárbara"
"Santa Juana","Santa Juana"
"Talcahuano","Talcahuano"
"Tirúa","Tirúa"
"Tomé","Tomé"
"Tucapel","Tucapel"
"Yumbel","Yumbel"
"Angol","Angol"
"Carahue","Carahue"
"Cholchol","Cholchol"
"Collipulli","Collipulli"
"Cunco","Cunco"
"Curacautín","Curacautín"
"Curarrehue","Curarrehue"
"Ercilla","Ercilla"
"Freire","Freire"
"Galvarino","Galvarino"
"Gorbea","Gorbea"
"Lautaro","Lautaro"
"Loncoche","Loncoche"
"Lonquimay","Lonquimay"
"Los Sauces","Los Sauces"
"Lumaco","Lumaco"
"Melipeuco","Melipeuco"
"Nueva Imperial","Nueva Imperial"
"Padre Las Casas","Padre Las Casas"
"Perquenco","Perquenco"
"Pitrufquén","Pitrufquén"
"Pucón","Pucón"
"Purén","Purén"
"Renaico","Renaico"
"Saavedra","Saavedra"
"Temuco","Temuco"
"Teodoro Schmidt","Teodoro Schmidt"
"Toltén","Toltén"
"Traiguén","Traiguén"
"Victoria","Victoria"
"Vilcún","Vilcún"
"Villarrica","Villarrica"
"Corral","Corral"
"Futrono","Futrono"
"La Unión","La Unión"
"Lago Ranco","Lago Ranco"
"Lanco","Lanco"
"Los Lagos","Los Lagos"
"Máfil","Máfil"
"Mariquina","Mariquina"
"Paillaco","Paillaco"
"Panguipulli","Panguipulli"
"Río Bueno","Río Bueno"
"Valdivia","Valdivia"
"Ancud","Ancud"
"Calbuco","Calbuco"
"Castro","Castro"
"Chaitén","Chaitén"
"Chonchi","Chonchi"
"Cochamó","Cochamó"
"Curaco de Vélez","Curaco de Vélez"
"Dalcahue","Dalcahue"
"Fresia","Fresia"
"Frutillar","Frutillar"
"Futaleufú","Futaleufú"
"Hualaihué","Hualaihué"
"Llanquihue","Llanquihue"
"Los Muermos","Los Muermos"
"Maullín","Maullín"
"Osorno","Osorno"
"Palena","Palena"
"Puerto Montt","Puerto Montt"
"Puerto Octay","Puerto Octay"
"Puerto Varas","Puerto Varas"
"Puqueldón","Puqueldón"
"Purranque","Purranque"
"Puyehue","Puyehue"
"Queilén","Queilén"
"Quellón","Quellón"
"Quemchi","Quemchi"
"Quinchao","Quinchao"
"Río Negro","Río Negro"
"San Juan de la Costa","San Juan de la Costa"
"San Pablo","San Pablo"
"Aisén","Aisén"
"Chile Chico","Chile Chico"
"Cisnes","Cisnes"
"Cochrane","Cochrane"
"Coyhaique","Coyhaique"
"Guaitecas","Guaitecas"
"Lago Verde","Lago Verde"
"O'Higgins","O'Higgins","OHiggins"
"Río Ibáñez","Río Ibáñez"
"Tortel","Tortel"
"Antártica","Antártica"
"Cabo de Hornos","Cabo de Hornos"
"Laguna Blanca","Laguna Blanca"
"Natales","Natales"
"Porvenir","Porvenir"
"Primavera","Primavera"
"Punta Arenas","Punta Arenas"
"Río Verde","Río Verde"
"San Gregorio","San Gregorio"
"Timaukel","Timaukel"
"Torres del Paine","Torres del Paine"
